year,distance_road_m,zone_ha,builtup_ha,builtup_pct
2022,0-100,408.1325966850829,90.69946701332466,22.223039215686274
2022,100-250,514.6572050698733,61.58000649983751,11.965247137942429
2022,250-500,821.9670458238544,107.21483262918427,13.04368991115979
2022,500-1000,1447.2501917452064,173.65641858953526,11.999059981476105
2022,1000-inf,6142.45559961001,580.6986610334742,9.453851991544607
2024,0-100,408.1325966850829,167.57444263893404,41.05882352941177
2024,100-250,514.6572050698733,110.03574910627235,21.38039612042994
2024,250-500,821.9670458238544,174.28662333441665,21.20360228793964
2024,500-1000,1447.2501917452064,311.46118947026326,21.520894676453917
2024,1000-inf,6142.45559961001,1576.9823399415016,25.673483745517437
