year,ring_m,direction,zone_ha,builtup_ha,builtup_pct
2022,0-2000,Bắc,134.68375690607735,12.303997400064999,9.135472370766488
2022,0-2000,Đông Bắc,140.50564835879103,7.352388690282743,5.23280649295173
2022,0-2000,Đông,157.12104647383816,3.4311147221319467,2.1837397338766156
2022,0-2000,Đông Nam,132.7131166720832,5.851901202469938,4.409436948820382
2022,0-2000,Nam,122.20970425739357,10.63345466363341,8.700990423180814
2022,0-2000,Tây Nam,150.48889177770556,8.102632434189145,5.384206328104227
2022,0-2000,Tây,157.0710302242444,5.401754956126097,3.439052350019106
2022,0-2000,Tây Bắc,113.80697432564186,11.473727656808581,10.08174386920981
2022,2000-4000,Bắc,295.8561195970101,31.140116997075076,10.525426021098188
2022,2000-4000,Đông Bắc,454.20756581085476,25.178180045498863,5.543320266044135
2022,2000-4000,Đông,471.2431004224895,48.075619109522265,10.201872253709482
2022,2000-4000,Đông Nam,469.16242443938904,82.09667208319792,17.49856079827722
2022,2000-4000,Nam,466.6115957101073,46.92524536886578,10.056596492732496
2022,2000-4000,Tây Nam,420.59664608384793,42.173701657458565,10.0271131617752
2022,2000-4000,Tây,427.01873253168674,91.36968475788106,21.397113943028486
2022,2000-4000,Tây Bắc,371.71076373090676,72.07341566460839,19.389649882935494
2022,4000-6000,Bắc,0.0,0.0,0
2022,4000-6000,Đông Bắc,341.86106597335066,30.47990250243744,8.915874177029993
2022,4000-6000,Đông,763.6280922976925,77.0750406239844,10.093269407110482
2022,4000-6000,Đông Nam,770.830432239194,45.13466363340917,5.855329751615666
2022,4000-6000,Nam,436.04166395840105,43.02397790055249,9.866941959164945
2022,4000-6000,Tây Nam,666.3864998375041,65.58130646733832,9.841331792185178
2022,4000-6000,Tây,522.7498342541437,91.09959701007475,17.426996823452868
2022,4000-6000,Tây Bắc,319.7338771530712,32.35051023724407,10.117948878390639
2024,0-2000,Bắc,134.68375690607735,16.905492362690932,12.551990493166963
2024,0-2000,Đông Bắc,140.50564835879103,19.826441338966525,14.11077886942902
2024,0-2000,Đông,157.12104647383816,23.757718557036075,15.120646845355575
2024,0-2000,Đông Nam,132.7131166720832,17.7257588560286,13.356448330443959
2024,0-2000,Nam,122.20970425739357,31.200136496587586,25.529999181468444
2024,0-2000,Tây Nam,150.48889177770556,42.23372115697108,28.064344589205
2024,0-2000,Tây,157.0710302242444,22.147195320117,14.100114635078334
2024,0-2000,Tây Bắc,113.80697432564186,20.81676308092298,18.29128944361431
2024,2000-4000,Bắc,295.8561195970101,47.31537211569711,15.992696781173924
2024,2000-4000,Đông Bắc,454.20756581085476,90.21931101722457,19.863013698630137
2024,2000-4000,Đông,471.2431004224895,100.98280792980177,21.42902630070687
2024,2000-4000,Đông Nam,469.16242443938904,106.5646213844654,22.713801411483765
2024,2000-4000,Nam,466.6115957101073,132.31298667533312,28.356129142906145
2024,2000-4000,Tây Nam,420.59664608384793,101.76306142346442,24.194929363078533
2024,2000-4000,Tây,427.01873253168674,118.1383815404615,27.665854572713645
2024,2000-4000,Tây Bắc,371.71076373090676,62.68036399090023,16.862671223660485
2024,4000-6000,Bắc,0.0,0.0,0
2024,4000-6000,Đông Bắc,341.86106597335066,121.42945076373091,35.52011704462326
2024,4000-6000,Đông,763.6280922976925,296.586356841079,38.839110272734416
2024,4000-6000,Đông Nam,770.830432239194,128.47173870653234,16.666666666666668
2024,4000-6000,Nam,436.04166395840105,118.73857653558662,27.231016288139482
2024,4000-6000,Tây Nam,666.3864998375041,155.20042248943776,23.289850938949517
2024,4000-6000,Tây,522.7498342541437,174.61673058173545,33.40349802900991
2024,4000-6000,Tây Bắc,319.7338771530712,84.37741306467339,26.389888308356536
